-- phpMyAdmin SQL Dump
-- version 5.2.1
-- https://www.phpmyadmin.net/
--
-- Servidor: 127.0.0.1
-- Tiempo de generación: 29-08-2025 a las 17:38:30
-- Versión del servidor: 10.4.32-MariaDB
-- Versión de PHP: 8.2.12

SET SQL_MODE = "NO_AUTO_VALUE_ON_ZERO";
START TRANSACTION;
SET time_zone = "+00:00";


/*!40101 SET @OLD_CHARACTER_SET_CLIENT=@@CHARACTER_SET_CLIENT */;
/*!40101 SET @OLD_CHARACTER_SET_RESULTS=@@CHARACTER_SET_RESULTS */;
/*!40101 SET @OLD_COLLATION_CONNECTION=@@COLLATION_CONNECTION */;
/*!40101 SET NAMES utf8mb4 */;

--
-- Base de datos: `sistemainventario`
--

-- --------------------------------------------------------

--
-- Estructura de tabla para la tabla `computadoradeescritorio`
--

CREATE TABLE `computadoradeescritorio` (
  `id_computadoraDeEscritorio` int(11) NOT NULL,
  `codigoPatrimonial` varchar(35) DEFAULT NULL,
  `numSerie` varchar(35) DEFAULT NULL,
  `procesador` varchar(50) DEFAULT NULL,
  `memoria_ram` varchar(20) DEFAULT NULL,
  `disco_duro` varchar(30) DEFAULT NULL,
  `tipo_almacenamiento` varchar(30) DEFAULT NULL,
  `sistema_operativo` varchar(50) DEFAULT NULL,
  `tamano_pantalla` decimal(4,0) DEFAULT NULL,
  `resolucion_pantalla` varchar(20) DEFAULT NULL
) ENGINE=InnoDB DEFAULT CHARSET=utf8mb4 COLLATE=utf8mb4_general_ci;

-- --------------------------------------------------------

--
-- Estructura de tabla para la tabla `equipo`
--

CREATE TABLE `equipo` (
  `id_equipo` int(11) NOT NULL,
  `id_tipoEquipo` int(11) DEFAULT NULL,
  `id_estadoEquipo` int(11) DEFAULT NULL,
  `id_modeloEquipo` int(11) DEFAULT NULL,
  `id_unidadOrganicaEquipo` int(11) DEFAULT NULL
) ENGINE=InnoDB DEFAULT CHARSET=utf8mb4 COLLATE=utf8mb4_general_ci;

--
-- Volcado de datos para la tabla `equipo`
--

INSERT INTO `equipo` (`id_equipo`, `id_tipoEquipo`, `id_estadoEquipo`, `id_modeloEquipo`, `id_unidadOrganicaEquipo`) VALUES
(1, 1, 1, 1, 1),
(2, 1, 2, 1, 1),
(3, 1, 2, 1, 1);

-- --------------------------------------------------------

--
-- Estructura de tabla para la tabla `estadoequipo`
--

CREATE TABLE `estadoequipo` (
  `id_estado` int(11) NOT NULL,
  `estado` varchar(30) DEFAULT NULL
) ENGINE=InnoDB DEFAULT CHARSET=utf8mb4 COLLATE=utf8mb4_general_ci;

--
-- Volcado de datos para la tabla `estadoequipo`
--

INSERT INTO `estadoequipo` (`id_estado`, `estado`) VALUES
(1, 'Activo'),
(2, 'En mantenimiento'),
(3, 'Obsoleto');

-- --------------------------------------------------------

--
-- Estructura de tabla para la tabla `historial_movimientos`
--

CREATE TABLE `historial_movimientos` (
  `id_historial` int(11) NOT NULL,
  `id_equipo` int(11) DEFAULT NULL,
  `id_unidadOrigen` int(11) DEFAULT NULL,
  `id_unidadDestino` int(11) DEFAULT NULL,
  `fecha_movimiento` date DEFAULT NULL,
  `motivo` varchar(100) DEFAULT NULL,
  `id_usuario` int(11) DEFAULT NULL
) ENGINE=InnoDB DEFAULT CHARSET=utf8mb4 COLLATE=utf8mb4_general_ci;

-- --------------------------------------------------------

--
-- Estructura de tabla para la tabla `marca`
--

CREATE TABLE `marca` (
  `id_marca` int(11) NOT NULL,
  `marca` varchar(25) DEFAULT NULL
) ENGINE=InnoDB DEFAULT CHARSET=utf8mb4 COLLATE=utf8mb4_general_ci;

--
-- Volcado de datos para la tabla `marca`
--

INSERT INTO `marca` (`id_marca`, `marca`) VALUES
(1, 'Lenovo');

-- --------------------------------------------------------

--
-- Estructura de tabla para la tabla `modelo`
--

CREATE TABLE `modelo` (
  `id_modelo` int(11) NOT NULL,
  `modelo` varchar(50) DEFAULT NULL,
  `id_marca` int(11) DEFAULT NULL
) ENGINE=InnoDB DEFAULT CHARSET=utf8mb4 COLLATE=utf8mb4_general_ci;

--
-- Volcado de datos para la tabla `modelo`
--

INSERT INTO `modelo` (`id_modelo`, `modelo`, `id_marca`) VALUES
(1, 'Lenovo Thinkpad x1 carbon', 1);

-- --------------------------------------------------------

--
-- Estructura de tabla para la tabla `modulo`
--

CREATE TABLE `modulo` (
  `id_modulo` int(11) NOT NULL,
  `nombre_modulo` varchar(50) DEFAULT NULL
) ENGINE=InnoDB DEFAULT CHARSET=utf8mb4 COLLATE=utf8mb4_general_ci;

-- --------------------------------------------------------

--
-- Estructura de tabla para la tabla `perfil`
--

CREATE TABLE `perfil` (
  `id_perfil` int(11) NOT NULL,
  `rol` varchar(50) DEFAULT NULL
) ENGINE=InnoDB DEFAULT CHARSET=utf8mb4 COLLATE=utf8mb4_general_ci;

--
-- Volcado de datos para la tabla `perfil`
--

INSERT INTO `perfil` (`id_perfil`, `rol`) VALUES
(1, 'Administrador del sistema');

-- --------------------------------------------------------

--
-- Estructura de tabla para la tabla `perfil_permiso`
--

CREATE TABLE `perfil_permiso` (
  `id_perfil` int(11) NOT NULL,
  `id_permiso` int(11) NOT NULL
) ENGINE=InnoDB DEFAULT CHARSET=utf8mb4 COLLATE=utf8mb4_general_ci;

-- --------------------------------------------------------

--
-- Estructura de tabla para la tabla `permiso`
--

CREATE TABLE `permiso` (
  `id_permiso` int(11) NOT NULL,
  `nombre_permiso` varchar(50) DEFAULT NULL,
  `id_modulo` int(11) DEFAULT NULL
) ENGINE=InnoDB DEFAULT CHARSET=utf8mb4 COLLATE=utf8mb4_general_ci;

-- --------------------------------------------------------

--
-- Estructura de tabla para la tabla `sede`
--

CREATE TABLE `sede` (
  `id_sede` int(11) NOT NULL,
  `nombre` varchar(30) DEFAULT NULL
) ENGINE=InnoDB DEFAULT CHARSET=utf8mb4 COLLATE=utf8mb4_general_ci;

--
-- Volcado de datos para la tabla `sede`
--

INSERT INTO `sede` (`id_sede`, `nombre`) VALUES
(1, 'Tarapoto'),
(2, 'Morales'),
(3, 'Complejo Universitario'),
(4, 'Fundo Miraflores'),
(5, 'Rioja'),
(6, 'Moyobamba'),
(7, 'Lamas');

-- --------------------------------------------------------

--
-- Estructura de tabla para la tabla `tipo_equipo`
--

CREATE TABLE `tipo_equipo` (
  `id_tipo` int(11) NOT NULL,
  `nombre` varchar(50) DEFAULT NULL
) ENGINE=InnoDB DEFAULT CHARSET=utf8mb4 COLLATE=utf8mb4_general_ci;

--
-- Volcado de datos para la tabla `tipo_equipo`
--

INSERT INTO `tipo_equipo` (`id_tipo`, `nombre`) VALUES
(1, 'Computadora de escritorio'),
(2, 'Impresora');

-- --------------------------------------------------------

--
-- Estructura de tabla para la tabla `tipo_unidadorganica`
--

CREATE TABLE `tipo_unidadorganica` (
  `id_tipo` int(11) NOT NULL,
  `tipo` varchar(25) DEFAULT NULL
) ENGINE=InnoDB DEFAULT CHARSET=utf8mb4 COLLATE=utf8mb4_general_ci;

--
-- Volcado de datos para la tabla `tipo_unidadorganica`
--

INSERT INTO `tipo_unidadorganica` (`id_tipo`, `tipo`) VALUES
(1, 'Administrativa'),
(2, 'Académica');

-- --------------------------------------------------------

--
-- Estructura de tabla para la tabla `unidad_organica`
--

CREATE TABLE `unidad_organica` (
  `id_unidadOrganica` int(11) NOT NULL,
  `nombre` varchar(120) DEFAULT NULL,
  `id_tipoUnidadOrganica` int(11) DEFAULT NULL,
  `id_sede` int(11) DEFAULT NULL,
  `ambienteUniversitario` varchar(100) DEFAULT 'Desconocido'
) ENGINE=InnoDB DEFAULT CHARSET=utf8mb4 COLLATE=utf8mb4_general_ci;

--
-- Volcado de datos para la tabla `unidad_organica`
--

INSERT INTO `unidad_organica` (`id_unidadOrganica`, `nombre`, `id_tipoUnidadOrganica`, `id_sede`, `ambienteUniversitario`) VALUES
(1, 'ÓRGANO DE CONTROL INSTITUCIONAL', 1, 1, 'DESCONOCIDO'),
(2, 'DEFENSORÍA UNIVERSITARIA', 1, 2, 'DESCONOCIDO'),
(3, 'RECTORADO', 1, 1, 'DESCONOCIDO'),
(4, 'VICERRECTORADO ACADÉMICO', 1, 1, 'DESCONOCIDO'),
(5, 'DIRECCIÓN DE ADMISIÓN', 1, 2, 'DESCONOCIDO'),
(6, 'DIRECCIÓN DE ASUNTOS ACADÉMICOS', 1, 2, 'DESCONOCIDO'),
(7, 'UNIDAD DE REGISTRO CENTRAL', 1, 2, 'DESCONOCIDO'),
(8, 'UNIDAD DE SEGUIMIENTO AL EGRESADO E INSERCIÓN LABORAL', 1, 2, 'DESCONOCIDO'),
(9, 'UNIDAD DE BIBLIOTECA', 1, 2, 'DESCONOCIDO'),
(10, 'UNIDAD DE EDUCACIÓN CONTINUA', 1, 2, 'DESCONOCIDO'),
(11, 'DIRECCIÓN DE BIENESTAR UNIVERSITARIO', 1, 2, 'DESCONOCIDO'),
(12, 'UNIDAD DE SERVICIO SOCIAL', 1, 2, 'DESCONOCIDO'),
(13, 'UNIDAD DE ALIMENTACIÓN', 1, 2, 'DESCONOCIDO'),
(14, 'UNIDAD DE RECREACIÓN Y DEPORTES', 1, 2, 'DESCONOCIDO'),
(15, 'UNIDAD PSICOPEDAGOGÍA', 1, 2, 'DESCONOCIDO'),
(16, 'DIRECCIÓN DE RESPONSABILIDAD SOCIAL UNIVERSITARIA', 1, 2, 'DESCONOCIDO'),
(17, 'VICERRECTORADO DE INVESTIGACIÓN', 1, 1, 'DESCONOCIDO'),
(18, 'DIRECCIÓN DE INNOVACIÓN Y TRANSFERENCIA TECNOLÓGICA', 1, 2, 'DESCONOCIDO'),
(19, 'DIRECCIÓN DE PRODUCCIÓN DE BIENES Y SERVICIOS', 1, 2, 'DESCONOCIDO'),
(20, 'CENTRO PRE UNIVERSITARIO', 1, 3, 'DESCONOCIDO'),
(21, 'CENTRO MÉDICO UNIVERSITARIO', 1, 2, 'DESCONOCIDO'),
(22, 'CENTRO DE BIODIVERSIDAD Y MUSEO', 1, 1, 'DESCONOCIDO'),
(23, 'DIRECCIÓN DE INCUBADORAS DE EMPRESAS', 1, 2, 'DESCONOCIDO'),
(24, 'INSTITUTO DE INVESTIGACIÓN', 1, 2, 'DESCONOCIDO'),
(25, 'UNIDAD DE FONDO EDITORIAL', 1, 2, 'DESCONOCIDO'),
(26, 'UNIDAD DE GESTIÓN DE LA INVESTIGACIÓN', 1, 2, 'DESCONOCIDO'),
(27, 'OFICINA DE TECNOLOGÍAS DE LA INFORMACIÓN', 1, 2, 'DESCONOCIDO'),
(28, 'DIRECCIÓN GENERAL DE ADMINISTRACIÓN', 1, 1, 'DESCONOCIDO'),
(29, 'UNIDAD DE RECURSOS HUMANOS', 1, 1, 'DESCONOCIDO'),
(30, 'UNIDAD DE ABASTECIMIENTO', 1, 1, 'DESCONOCIDO'),
(31, 'UNIDAD DE CONTABILIDAD', 1, 1, 'DESCONOCIDO'),
(32, 'UNIDAD EJECUTORA DE INVERSIONES', 1, 2, 'DESCONOCIDO'),
(33, 'UNIDAD DE SERVICIOS GENERALES', 1, 1, 'DESCONOCIDO'),
(34, 'UNIDAD DE TESORERÍA', 1, 1, 'DESCONOCIDO'),
(35, 'SECRETARÍA GENERAL', 1, 1, 'DESCONOCIDO'),
(36, 'UNIDAD DE TRÁMITE DOCUMENTARIO Y ARCHIVO', 1, 2, 'DESCONOCIDO'),
(37, 'UNIDAD DE GRADOS Y TÍTULOS', 1, 1, 'DESCONOCIDO'),
(38, 'OFICINA DE ASESORÍA JURÍDICA', 1, 1, 'DESCONOCIDO'),
(39, 'OFICINA DE PLANEAMIENTO Y PRESUPUESTO', 1, 1, 'DESCONOCIDO'),
(40, 'UNIDAD DE PLANEAMIENTO Y MODERNIZACIÓN', 1, 1, 'DESCONOCIDO'),
(41, 'UNIDAD DE PRESUPUESTO', 1, 1, 'DESCONOCIDO'),
(42, 'UNIDAD FORMULADORA', 1, 1, 'DESCONOCIDO'),
(43, 'OFICINA DE COOPERACIÓN Y RELACIONES INTERNACIONALES', 1, 2, 'DESCONOCIDO'),
(44, 'OFICINA DE GESTIÓN DE LA CALIDAD', 1, 2, 'DESCONOCIDO'),
(45, 'UNIDAD DE ACREDITACIÓN', 1, 2, 'DESCONOCIDO'),
(46, 'UNIDAD DE GESTIÓN DE LA CALIDAD Y AUDITORÍA', 1, 2, 'DESCONOCIDO'),
(47, 'OFICINA DE COMUNICACIÓN E IMAGEN INSTITUCIONAL', 1, 2, 'DESCONOCIDO'),
(48, 'ESCUELA DE POSGRADO', 1, 2, 'DESCONOCIDO'),
(49, 'FACULTAD DE CIENCIAS AGRARIAS', 1, 2, 'DESCONOCIDO'),
(50, 'ESCUELA PROFESIONAL DE AGRONOMÍA', 1, 2, 'DESCONOCIDO'),
(51, 'ESCUELA PROFESIONAL DE MEDICINA VETERINARIA', 1, 4, 'DESCONOCIDO'),
(52, 'DEPARTAMENTO ACADÉMICO DE AGROSILVO PASTORIL', 1, 2, 'DESCONOCIDO'),
(53, 'UNIDAD DE INVESTIGACIÓN DE LA FCA', 1, 2, 'DESCONOCIDO'),
(54, 'UNIDAD DE POSGRADO DE LA FCA', 1, 2, 'DESCONOCIDO'),
(55, 'FACULTAD DE INGENIERÍA AGROINDUSTRIAL', 1, 2, 'DESCONOCIDO'),
(56, 'ESCUELA PROFESIONAL DE INGENIERÍA AGROINDUSTRIAL', 1, 2, 'DESCONOCIDO'),
(57, 'DEPARTAMENTO ACADÉMICO DE INGENIERÍA AGROINDUSTRIAL', 1, 2, 'DESCONOCIDO'),
(58, 'UNIDAD DE INVESTIGACIÓN DE LA FIAI', 1, 2, 'DESCONOCIDO'),
(59, 'UNIDAD DE POSGRADO DE LA FIAI', 1, 2, 'DESCONOCIDO'),
(60, 'FACULTAD DE INGENIERÍA CIVIL Y ARQUITECTURA', 1, 2, 'DESCONOCIDO'),
(61, 'ESCUELA PROFESIONAL DE INGENIERÍA CIVIL', 1, 2, 'DESCONOCIDO'),
(62, 'ESCUELA PROFESIONAL DE ARQUITECTURA', 1, 2, 'DESCONOCIDO'),
(63, 'DEPARTAMENTO ACADÉMICO DE INGENIERÍA CIVIL Y ARQUITECTURA', 1, 2, 'DESCONOCIDO'),
(64, 'UNIDAD DE INVESTIGACIÓN DE LA FICA', 1, 2, 'DESCONOCIDO'),
(65, 'UNIDAD DE POSGRADO DE LA FICA', 1, 2, 'DESCONOCIDO'),
(66, 'FACULTAD DE CIENCIAS DE LA SALUD', 1, 2, 'DESCONOCIDO'),
(67, 'ESCUELA PROFESIONAL DE OBSTETRICIA', 1, 2, 'DESCONOCIDO'),
(68, 'ESCUELA PROFESIONAL DE ENFERMERÍA', 1, 2, 'DESCONOCIDO'),
(69, 'DEPARTAMENTO ACADÉMICO DE OBSTETRICIA', 1, 2, 'DESCONOCIDO'),
(70, 'UNIDAD DE INVESTIGACIÓN DE LA FCS', 1, 2, 'DESCONOCIDO'),
(71, 'UNIDAD DE POSGRADO DE LA FCS', 1, 2, 'DESCONOCIDO'),
(72, 'FACULTAD DE INGENIERÍA DE SISTEMAS E INFORMÁTICA', 1, 2, 'DESCONOCIDO'),
(73, 'ESCUELA PROFESIONAL DE INGENIERÍA DE SISTEMAS E INFORMÁTICA', 1, 2, 'DESCONOCIDO'),
(74, 'DEPARTAMENTO ACADÉMICO DE SISTEMAS E INFORMÁTICA', 1, 2, 'DESCONOCIDO'),
(75, 'UNIDAD DE INVESTIGACIÓN DE LA FISI', 1, 2, 'DESCONOCIDO'),
(76, 'UNIDAD DE POSGRADO DE LA FISI', 1, 2, 'DESCONOCIDO'),
(77, 'FACULTAD DE CIENCIAS ECONÓMICAS', 1, 2, 'DESCONOCIDO'),
(78, 'ESCUELA PROFESIONAL DE CONTABILIDAD', 1, 2, 'DESCONOCIDO'),
(79, 'ESCUELA PROFESIONAL DE CONTABILIDAD - RIOJA', 1, 5, 'DESCONOCIDO'),
(80, 'ESCUELA PROFESIONAL DE ADMINISTRACIÓN', 1, 2, 'DESCONOCIDO'),
(81, 'ESCUELA PROFESIONAL DE ECONOMÍA', 1, 2, 'DESCONOCIDO'),
(82, 'ESCUELA PROFESIONAL DE TURISMO', 1, 2, 'DESCONOCIDO'),
(83, 'DEPARTAMENTO ACADÉMICO DE CIENCIAS ECONÓMICAS', 1, 2, 'DESCONOCIDO'),
(84, 'DEPARTAMENTO ACADÉMICO DE TURISMO', 1, 7, 'DESCONOCIDO'),
(85, 'UNIDAD DE INVESTIGACIÓN DE LA FCE', 1, 2, 'DESCONOCIDO'),
(86, 'UNIDAD DE POSGRADO DE LA FCE', 1, 2, 'DESCONOCIDO'),
(87, 'FACULTAD DE MEDICINA HUMANA', 1, 2, 'DESCONOCIDO'),
(88, 'ESCUELA PROFESIONAL DE MEDICINA HUMANA', 1, 2, 'DESCONOCIDO'),
(89, 'DEPARTAMENTO ACADÉMICO DE MEDICINA', 1, 2, 'DESCONOCIDO'),
(90, 'UNIDAD DE INVESTIGACIÓN DE LA FMH', 1, 2, 'DESCONOCIDO'),
(91, 'UNIDAD DE POSGRADO DE LA FMH', 1, 2, 'DESCONOCIDO'),
(92, 'FACULTAD DE DERECHO Y CIENCIAS POLÍTICAS', 1, 2, 'DESCONOCIDO'),
(93, 'ESCUELA PROFESIONAL DE DERECHO', 1, 2, 'DESCONOCIDO'),
(94, 'DEPARTAMENTO ACADÉMICO DE DERECHO Y CIENCIAS POLÍTICAS', 1, 2, 'DESCONOCIDO'),
(95, 'UNIDAD DE INVESTIGACIÓN DE LA FDYCP', 1, 2, 'DESCONOCIDO'),
(96, 'UNIDAD DE POSGRADO DE LA FDYCP', 1, 2, 'DESCONOCIDO'),
(97, 'FACULTAD DE ECOLOGÍA', 1, 6, 'DESCONOCIDO'),
(98, 'ESCUELA PROFESIONAL DE INGENIERÍA AMBIENTAL', 1, 6, 'DESCONOCIDO'),
(99, 'ESCUELA PROFESIONAL DE INGENIERÍA SANITARIA', 1, 6, 'DESCONOCIDO'),
(100, 'DEPARTAMENTO ACADÉMICO DE CIENCIAS AMBIENTALES', 1, 6, 'DESCONOCIDO'),
(101, 'UNIDAD DE INVESTIGACIÓN DE LA FECOL', 1, 6, 'DESCONOCIDO'),
(102, 'UNIDAD DE POSGRADO DE LA FECOL', 1, 6, 'DESCONOCIDO'),
(103, 'FACULTAD DE EDUCACIÓN Y HUMANIDADES - RIOJA', 1, 5, 'DESCONOCIDO'),
(104, 'ESCUELA PROFESIONAL DE EDUCACIÓN INICIAL', 1, 5, 'DESCONOCIDO'),
(105, 'ESCUELA PROFESIONAL DE EDUCACIÓN PRIMARIA', 1, 5, 'DESCONOCIDO'),
(106, 'ESCUELA PROFESIONAL DE EDUCACIÓN SECUNDARIA', 1, 5, 'DESCONOCIDO'),
(107, 'ESCUELA PROFESIONAL DE IDIOMAS', 1, 1, 'DESCONOCIDO'),
(108, 'DEPARTAMENTO ACADÉMICO DE EDUCACIÓN', 1, 5, 'DESCONOCIDO'),
(109, 'DEPARTAMENTO ACADÉMICO DE IDIOMAS', 1, 2, 'DESCONOCIDO'),
(110, 'DEPARTAMENTO ACADÉMICO DE HUMANIDADES Y CIENCIAS SOCIALES', 1, 2, 'DESCONOCIDO'),
(111, 'UNIDAD DE INVESTIGACIÓN DE LA FEYH', 1, 2, 'DESCONOCIDO'),
(112, 'UNIDAD DE POSGRADO DE LA FEYH', 1, 5, 'DESCONOCIDO'),
(113, 'MESA DE PARTES MOYOBAMBA', 1, 6, 'DESCONOCIDO'),
(114, 'MESA DE PARTES RIOJA', 1, 5, 'DESCONOCIDO'),
(115, 'MESA DE PARTES LAMAS', 1, 7, 'DESCONOCIDO'),
(116, 'MESA DE PARTES', 1, 1, 'DESCONOCIDO'),
(117, 'CENTRO DE IDIOMAS', 1, 2, 'DESCONOCIDO'),
(118, 'BIENESTAR UNIVERSITARIO - RIOJA', 1, 5, 'DESCONOCIDO'),
(119, 'UNIDAD DE SEGUNDA ESPECIALIDAD - FEH', 1, 2, 'DESCONOCIDO'),
(120, 'CENTRO PRE UNIVERSITARIO-RIOJA', 1, 5, 'DESCONOCIDO'),
(121, 'PROYECCIÓN SOCIAL Y EXTENSIÓN CULTURAL-RIOJA', 1, 5, 'DESCONOCIDO'),
(122, 'CENTRO DE TECNOLOGÍAS DE INFORMACIÓN - RIOJA', 1, 5, 'DESCONOCIDO'),
(123, 'CENTRO PRE UNIVERSITARIO-MOYOBAMBA', 1, 6, 'DESCONOCIDO'),
(124, 'FACULTAD DE EDUCACIÓN Y HUMANIDADES - TARAPOTO', 1, 2, 'DESCONOCIDO'),
(125, 'AREA DE ALMACEN', 1, 1, 'DESCONOCIDO'),
(126, 'AREA DE PATRIMONIO', 1, 3, 'DESCONOCIDO'),
(127, 'CENTRO EN TECNOLOGÍAS DE INFORMACIÓN', 1, 3, 'DESCONOCIDO'),
(128, 'CONSEJO DE ASESORAMIENTO DE INVESTIGACION', 1, 2, 'DESCONOCIDO'),
(129, 'REPOSITORIO DIGITAL DE CIENCIA TECNOLOGÍA E INNOVACIÓN DE ACCESO ABIERTO', 1, 2, 'DESCONOCIDO'),
(130, 'SECRETARÍA ACADÉMICA DE LA FDYCP', 1, 2, 'DESCONOCIDO'),
(131, 'OFICINA DE SECIGRA Y PASANTÍA DE LA FDYCP', 1, 2, 'DESCONOCIDO'),
(132, 'SECRETARIA ACADÉMICA DE LA FCE', 1, 2, 'DESCONOCIDO'),
(133, 'LABORATORIOS DE LA FDYCP', 1, 2, 'DESCONOCIDO'),
(134, 'TALLERES DE LA FDYCP', 1, 2, 'DESCONOCIDO'),
(135, 'UNIDAD DE ARCHIVO CENTRAL', 1, 2, 'DESCONOCIDO'),
(136, 'CONSEJO FACULTAD TRANSITORIO DE LA FACULTAD DE DERECHO Y CIENCIAS POLÍTICAS', 1, 2, 'DESCONOCIDO'),
(137, 'TOPICO', 1, 2, 'DESCONOCIDO'),
(138, 'LABORATORIO DE ENTOMOLOGÍA', 1, 2, 'DESCONOCIDO'),
(139, 'TRIBUNAL DE HONOR', 1, 2, 'DESCONOCIDO'),
(140, 'CENTRO ACADEMICO Y DE INVESTIGACION MIRAFLORES', 1, 2, 'DESCONOCIDO'),
(141, 'SECRETARÍA ACADÉMICA DE LA FIAI', 1, 2, 'DESCONOCIDO'),
(142, 'LABORATORIO DE BIOLOGIA FCA', 1, 2, 'DESCONOCIDO'),
(143, 'LABORATORIO DE REDES Y COMUNICACIONES FISI', 1, 2, 'DESCONOCIDO'),
(144, 'AREA DE ARCHIVOS DE TESORERÍA', 1, 2, 'DESCONOCIDO'),
(145, 'LABORATORIO DE TELEMÁTICA FISI', 1, 2, 'DESCONOCIDO'),
(146, 'LABORATORIO DE SISTEMAS DE INFORMACIÓN 1 Y 2 FISI', 1, 2, 'DESCONOCIDO'),
(147, 'SECRETARIA ADMINISTRATIVA DE LA FDYCP', 1, 2, 'DESCONOCIDO'),
(148, 'ÁREA ACADÉMICA DE DERECHO PÚBLICO DEL DADCP', 1, 2, 'DESCONOCIDO'),
(149, 'ÁREA ACADÉMICA DE DERECHO PRIVADO DEL DADCP', 1, 2, 'DESCONOCIDO'),
(150, 'DADCP SECRETARIA ACADÉMICA', 1, 2, 'DESCONOCIDO'),
(151, 'CONSULTORIO JURÍDICO DE LA FCDP', 1, 2, 'DESCONOCIDO'),
(152, 'LABORATORIO DE CULTIVOS DE TEJIDOS VEGETALES', 1, 2, 'DESCONOCIDO'),
(153, 'PLANIFICACION Y PRESUPUESTO FMH', 1, 2, 'DESCONOCIDO'),
(154, 'LABORATORIO DE MICROBIOLOGÍA AGRÍCOLA', 1, 2, 'DESCONOCIDO'),
(155, 'FACULTAD DE MEDICINA VETERINARIA', 1, 4, 'DESCONOCIDO'),
(156, 'SECRETARÍA ACADÉMICA DE LA FMH', 1, 2, 'DESCONOCIDO'),
(157, 'EQUIPO DE TRANSFERENCIA DE TITULAR SALIENTE', 1, 2, 'DESCONOCIDO'),
(158, 'SECRETARÍA ACADÉMICA DE LA FMV', 1, 2, 'DESCONOCIDO'),
(159, 'DEPARTAMENTO ACADÉMICO DE CIENCIAS VETERINARIAS', 1, 4, 'DESCONOCIDO'),
(160, 'UNIDAD DE INVESTIGACIÓN DE LA FMV', 1, 2, 'DESCONOCIDO'),
(161, 'SECRETARÍA TÉCNICA DE PROCEDIMIENTO ADMISTRATIVO DISCIPLINARIO', 1, 2, 'DESCONOCIDO'),
(162, 'SECRETARÍA ACADÉMICA DE LA FCS', 1, 2, 'DESCONOCIDO'),
(163, 'SECRETARIA ACADÉMICA DE LA FCA', 1, 2, 'DESCONOCIDO'),
(164, 'FACULTAD DE CIENCIAS DE LA SALUD', 2, 2, 'AULA 09-OBST  (PAB. B ENFERMERÍA)'),
(165, 'FACULTAD DE CIENCIAS ECONÓMICAS', 2, 7, 'AULA 7 - (PAB TURISMO)'),
(166, 'FACULTAD DE EDUCACIÓN Y HUMANIDADES - RIOJA', 2, 5, 'AULA 04 SECUNDARIA ( EDU - PABELLÓN B)'),
(167, 'INGENIERÍA CIVIL Y ARQUITECTURA', 2, 2, 'AULA FICA 06 (PAB. A - FICA)'),
(168, 'FACULTAD DE MEDICINA VETERINARIA', 2, 4, 'LAB DE ANATOMÍA ANIMAL - PAB FUNDO MIRAFLORES'),
(169, 'FACULTAD DE MEDICINA HUMANA', 2, 2, 'HOSPITAL A - FMH'),
(170, 'FACULTAD DE ECOLOGÍA', 2, 6, 'LAB. DE INGENIERÍA AMBIENTAL (PAB 2 FECOL)'),
(171, 'FACULTAD DE CIENCIAS DE LA SALUD', 2, 2, 'AULA 02-OBST  (PAB. A ENFERMERÍA)'),
(172, 'FACULTAD DE CIENCIAS AGRARIAS', 2, 2, 'Virtual FCA'),
(173, 'FACULTAD DE EDUCACIÓN Y HUMANIDADES - RIOJA', 2, 5, 'AULA 02 SECUNDARIA( EDU - PABELLÓN B)'),
(174, 'FACULTAD DE MEDICINA HUMANA', 2, 2, 'AA1 -FMH'),
(175, 'FACULTAD DE CIENCIAS AGRARIAS', 2, 2, 'AULA A5 PAB.FCA'),
(176, 'FACULTAD DE EDUCACIÓN Y HUMANIDADES', 2, 2, 'AULA 5 PAB. HUMANIDADES Y CC.SS'),
(177, 'INGENIERÍA CIVIL Y ARQUITECTURA', 2, 2, 'AULA FICA 01 (PAB. A - FICA)'),
(178, 'FACULTAD DE AGROINDUSTRIAL', 2, 2, 'LABORATORIO DE QUÍMICA - EDU'),
(179, 'FACULTAD DE CIENCIAS DE LA SALUD', 2, 2, 'AULA 05-OBST  (PAB. A ENFERMERÍA)'),
(180, 'FACULTAD DE INGENIERÍA AGROINDUSTRIAL', 2, 2, 'LAB. QUÍMICA 1 (PAB FIAI)'),
(181, 'FACULTAD DE ECOLOGÍA', 2, 6, 'CENTRO DE COMPUTO (PAB. 2 FECOL)'),
(182, 'FACULTAD DE MEDICINA HUMANA', 2, 2, 'AULA 01 - FMH'),
(183, 'FACULTAD DE CIENCIAS DE LA SALUD', 2, 2, 'LAB. COMPUTO (PAB. OBSTETRICIA)'),
(184, 'FACULTAD DE MEDICINA VETERINARIA', 2, 4, 'AULA 05 - PAB FUNDO MIRAFLORES'),
(185, 'FACULTAD DE CIENCIAS AGRARIAS', 2, 2, 'LAB. DE FÍSICA - FCA'),
(186, 'FACULTAD DE CIENCIAS DE LA SALUD ', 2, 2, 'HOSPITAL B - ENFERMERIA'),
(187, 'FACULTAD DE CIENCIAS AGRARIAS', 2, 2, 'LAB. DE CULTIVO DE TEJIDOS VEGETALES-FCA'),
(188, 'FACULTAD DE EDUCACIÓN Y HUMANIDADES - RIOJA', 2, 5, 'AULA 02 PRIMARIA( EDU - PABELLÓN B)'),
(189, 'FACULTAD DE CIENCIAS AGRARIAS', 2, 2, 'PRACTICA EN CAMPO 3 - FCA'),
(190, 'CIUDAD UNIVERSITARIA', 2, 2, 'LOSA DEPORTIVA (CIUDAD UNIVERSITARIA)'),
(191, 'INGENIERÍA DE SISTEMAS E INFORMÁTICA', 2, 2, 'LABORATORIO TELEMATICA (PAB. FISI)'),
(192, 'FACULTAD DE INGENIERÍA AGROINDUSTRIAL ', 2, 2, 'FIAI 2° piso DEPARTAMENTO'),
(193, 'FACULTAD DE EDUCACIÓN Y HUMANIDADES', 2, 2, 'AULA 2 (PAB. IDIOMAS)'),
(194, 'FACULTAD DE EDUCACIÓN Y HUMANIDADES - RIOJA', 2, 5, 'AULA 08 PRIMARIA ( EDU - PABELLÓN A)'),
(195, 'FACULTAD DE EDUCACIÓN Y HUMANIDADES', 2, 2, 'AULA 3 (PAB. IDIOMAS)'),
(196, 'FACULTAD DE ECOLOGÍA', 2, 6, 'AULA POSGRADO1  (PAB. 1 FECOL)'),
(197, 'FACULTAD DE EDUCACIÓN Y HUMANIDADES - RIOJA', 2, 5, 'AULA 08 INICIAL ( EDU - PABELLÓN A)'),
(198, 'FACULTAD DE MEDICINA HUMANA', 2, 2, 'LAB. DE FÍSICA - MED HUM'),
(199, 'FACULTAD DE CIENCIAS DE LA SALUD ', 2, 2, 'C2 (PLAN ANTIGUO) - FCS'),
(200, 'FACULTAD DE CIENCIAS DE LA SALUD', 2, 2, 'LAB. OBSTETRICIA (PAB. OBSTETRICIA)'),
(201, 'FACULTAD DE ECOLOGÍA', 2, 6, 'AULA 201  (PAB. 2 FECOL)'),
(202, 'INGENIERÍA CIVIL Y ARQUITECTURA ', 2, 2, 'AULA FICA 03 (PAB. A - FICA)'),
(203, 'FACULTAD DE EDUCACIÓN Y HUMANIDADES - RIOJA', 2, 5, 'AULA 01 INICIAL ( EDU - PABELLÓN A)'),
(204, 'FACULTAD DE MEDICINA HUMANA', 2, 5, 'LAB. DE EMBRIOLOGÍA Y GENÉTICA - MED HUM'),
(205, 'FACULTAD DE MEDICINA VETERINARIA', 2, 4, 'LAB DE BIOTECNOLOGÍA - PAB FUNDO MIRAFLORES'),
(206, 'DERECHO Y CIENCIAS POLÍTICAS ', 2, 2, 'AULA A 11 (PAB. A  DERECHO)'),
(207, 'FACULTAD DE CIENCIAS AGRARIAS', 2, 2, 'LAB. DE SUELOS-FCA'),
(208, 'FACULTAD DE CIENCIAS ECONÓMICAS', 2, 2, 'A13 -  FCE'),
(209, 'INGENIERÍA CIVIL Y ARQUITECTURA', 2, 2, 'AULA FICA 16 (PAB. B1 - FICA)'),
(210, 'FACULTAD DE MEDICINA HUMANA', 2, 2, 'AULA 05 - FMH'),
(211, 'FACULTAD DE CIENCIAS DE LA SALUD', 2, 6, 'LAB. SEMIOLOGIA (PAB. OBSTETRICIA)'),
(212, 'FACULTAD DE EDUCACIÓN Y HUMANIDADES', 2, 2, 'AULA 4 PAB. HUMANIDADES Y CC.SS'),
(213, 'FACULTAD DE EDUCACIÓN Y HUMANIDADES - RIOJA', 2, 5, 'AULA 10 SECUNDARIA ( EDU - PABELLÓN A)'),
(214, 'FACULTAD DE ECOLOGÍA', 2, 6, 'AULA 203  (PAB. 2 FECOL)'),
(215, 'FACULTAD DE EDUCACIÓN Y HUMANIDADES - RIOJA', 2, 5, 'AULA COMEDOR INICIAL'),
(216, 'FACULTAD DE MEDICINA HUMANA', 2, 2, 'LAB. DE MICROBIOLOGÍA Y PARASITOLOGÍA  - MED HUM'),
(217, 'FACULTAD DE CIENCIAS ECONÓMICAS', 2, 2, 'A14 -  FCE'),
(218, 'INGENIERÍA DE SISTEMAS E INFORMÁTICA ', 2, 2, 'LABORATORIO DE REDES (PAB. FISI)'),
(219, 'FACULTAD DE EDUCACIÓN Y HUMANIDADES', 2, 2, 'AULA 6 (PAB. IDIOMAS)'),
(220, 'FACULTAD DE MEDICINA VETERINARIA', 2, 4, 'LAB DE NUTRICIÓN - PAB FUNDO MIRAFLORES'),
(221, 'FACULTAD DE ECOLOGÍA', 2, 6, 'AULA 206  (PAB. 2 FECOL)'),
(222, 'FACULTAD DE CIENCIAS ECONÓMICAS', 2, 7, 'AULA 1 - PAB TURISMO'),
(223, 'DERECHO Y CIENCIAS POLÍTICAS ', 2, 2, 'LAB. TALLER DE SIMULACIÓN III (PAB. B DERECHO)'),
(224, 'FACULTAD DE MEDICINA VETERINARIA', 2, 4, 'CAMPO - PAB FUNDO MIRAFLORES'),
(225, 'FACULTAD DE MEDICINA VETERINARIA', 2, 4, 'AULA 04 - PAB FUNDO MIRAFLORES'),
(226, 'FACULTAD DE EDUCACIÓN Y HUMANIDADES - RIOJA', 2, 5, 'AULA 05 PRIMARIA ( EDU - PABELLÓN B)'),
(227, 'FACULTAD DE MEDICINA HUMANA', 2, 2, 'AULA 04 - FMH'),
(228, 'INGENIERÍA DE SISTEMAS E INFORMÁTICA', 2, 2, 'LAB. FARMACOLOGÍA  Y FISIOLOGÍA - MED HUMANA'),
(229, 'FACULTAD DE CIENCIAS AGRARIAS', 2, 2, 'AULA A4 PAB.FCA'),
(230, 'FACULTAD DE MEDICINA HUMANA', 2, 2, 'HOSPITAL D - FMH'),
(231, 'FACULTAD DE CIENCIAS DE LA SALUD', 2, 2, 'AULA 07-OBST  (PAB. B ENFERMERÍA)'),
(232, 'FACULTAD DE CIENCIAS AGRARIAS', 2, 2, 'LAB. DE FISIOLGÍA VEGETAL-FCA'),
(233, 'FACULTAD DE MEDICINA HUMANA', 2, 2, 'HOSPITAL B - FMH'),
(234, 'FACULTAD DE MEDICINA VETERINARIA', 2, 4, 'LAB CIRUGÍA B - PAB FUNDO MIRAFLORES'),
(235, 'DERECHO Y CIENCIAS POLÍTICAS', 2, 2, 'AULA PER. HABILIDADES DIFER. (PAB. B DERECHO)'),
(236, 'FACULTAD DE CIENCIAS DE LA SALUD', 2, 2, 'B1 - PAB. B - FCS'),
(237, 'FACULTAD DE MEDICINA HUMANA', 2, 2, 'HOSPITAL C - FMH'),
(238, 'INGENIERÍA CIVIL Y ARQUITECTURA', 2, 2, 'LAB COMPUTO (PAB. B1 - FICA)'),
(239, 'FACULTAD DE MEDICINA HUMANA', 2, 2, 'AULA 03 - FMH'),
(240, 'FACULTAD DE MEDICINA VETERINARIA', 2, 4, 'AULA TALLER A2 - PAB FUNDO MIRAFLORES'),
(241, 'FACULTAD DE CIENCIAS AGRARIAS', 2, 2, 'PRACTICA EN CAMPO 4- FCA'),
(242, 'DERECHO Y CIENCIAS POLÍTICAS', 2, 2, 'AULA A 06 (PAB. A  DERECHO)'),
(243, 'DERECHO Y CIENCIAS POLÍTICAS ', 2, 2, 'LAB. COMPUTO - AULA VIRTUAL (PAB. A DERECHO)'),
(244, 'FACULTAD DE CIENCIAS ECONÓMICAS', 2, 2, 'A11 -  FCE'),
(245, 'DERECHO Y CIENCIAS POLÍTICAS ', 2, 2, 'AULA  A 04(PAB. A DERECHO) 1'),
(246, 'INGENIERÍA CIVIL Y ARQUITECTURA', 2, 2, 'AULA FICA 17 (PAB. C - FICA)'),
(247, 'FACULTAD DE CIENCIAS AGRARIAS', 2, 2, 'LAB. DE ENTOMOLOGÍA-FCA'),
(248, 'FACULTAD DE CIENCIAS DE LA SALUD', 2, 2, 'HOSPITAL B - FCS'),
(249, 'FACULTAD DE CIENCIAS DE LA SALUD', 2, 2, 'B6 - PAB. B  - FCS'),
(250, 'FACULTAD DE MEDICINA HUMANA', 2, 2, 'AULA 06 - FMH'),
(251, 'INGENIERÍA CIVIL Y ARQUITECTURA ', 2, 2, 'LAB MECANICA DE SUELOS Y PAVIMENTOS (PAB. B1 - FICA)'),
(252, 'FACULTAD DE CIENCIAS DE LA SALUD ', 2, 2, 'B3 - PAB. B  - FCS (OF. ADMINISTRATIVA)'),
(253, 'DERECHO Y CIENCIAS POLÍTICAS ', 2, 2, 'AULA B 07 (PAB. B  DERECHO)'),
(254, 'FACULTAD DE ECOLOGÍA', 2, 6, 'AULA 202  (PAB. 2 FECOL)'),
(255, 'FACULTAD DE EDUCACIÓN Y HUMANIDADES - RIOJA', 2, 5, 'AULA 03 PRIMARIA ( EDU - PABELLÓN B)'),
(256, 'FACULTAD DE MEDICINA VETERINARIA', 2, 4, 'AULA 02 - PAB FUNDO MIRAFLORES'),
(257, 'FACULTAD DE CIENCIAS AGRARIAS', 2, 2, 'LABORATORIO DE MICROBIOLOGÍA-FCA'),
(258, 'DERECHO Y CIENCIAS POLÍTICAS', 2, 2, 'AULA A 12 (PAB. A  DERECHO)'),
(259, 'FACULTAD DE CIENCIAS DE LA SALUD', 2, 2, 'LAB. QUIRÓFANO-ENF (PAB. ENFERMERÍA)'),
(260, 'FACULTAD DE CIENCIAS ECONÓMICAS', 2, 7, 'AULA 4 - (PAB TURISMO)'),
(261, 'FACULTAD DE MEDICINA HUMANA', 2, 2, 'HOSPITAL E - FMH'),
(262, 'FACULTAD DE CIENCIAS AGRARIAS', 2, 2, 'LABORATORIO DE BIOLOGÍA - EDU'),
(263, 'FACULTAD DE MEDICINA VETERINARIA', 2, 4, 'LAB DE SANIDAD ANIMAL - PAB FUNDO MIRAFLORES'),
(264, 'FACULTAD DE INGENIERÍA AGROINDUSTRIAL ', 2, 2, 'LAB. QUÍMICA 2 (PAB FIAI'),
(265, 'INGENIERÍA DE SISTEMAS E INFORMÁTICA', 2, 2, 'A-SOTANO (PAB. FISI)'),
(266, 'FACULTAD DE EDUCACIÓN Y HUMANIDADES - RIOJA', 2, 5, 'AULA 01 SECUNDARIA ( EDU - PABELLÓN A)'),
(267, 'FACULTAD DE ECOLOGÍA', 2, 6, 'LAB. DE BIOLOGIA Y QUÍMICA.  (PAB 1 FECOL)'),
(268, 'CIUDAD UNIVERSITARIA', 2, 2, 'PISCINA OLÍMPICA (CIUDAD UNIVERSITARIA)'),
(269, 'FACULTAD DE MEDICINA HUMANA', 2, 2, 'HOSPITAL G - FMH'),
(270, 'FACULTAD DE CIENCIAS DE LA SALUD ', 2, 2, 'LAB. NUTRICIÓN (PAB. ENFERMERÍA)'),
(271, 'INGENIERÍA DE SISTEMAS E INFORMÁTICA', 2, 2, 'AULA09 (PAB. FISI)'),
(272, 'FACULTAD DE EDUCACIÓN Y HUMANIDADES - RIOJA', 2, 5, 'AULA 12 PRIMARIA ( EDU - PABELLÓN C)'),
(273, 'FACULTAD DE CIENCIAS AGRARIAS', 2, 2, 'LAB. DE SANIDAD VEGETAL-FCA'),
(274, 'FACULTAD DE EDUCACIÓN Y HUMANIDADES - RIOJA', 2, 5, 'AULA 13 INICIAL( EDU - PABELLÓN C)'),
(275, 'FACULTAD DE CIENCIAS DE LA SALUD', 2, 2, 'HOSPITAL A - ENFERMERIA'),
(276, 'FACULTAD DE MEDICINA HUMANA', 2, 2, 'LAB. BIOLOGÍA - MED HUM'),
(277, 'FACULTAD DE INGENIERÍA AGROINDUSTRIAL', 2, 2, 'PLANTA PILOTO 1 ( PAB FIAI)'),
(278, 'FACULTAD DE CIENCIAS DE LA SALUD', 2, 2, 'HOSPITAL F - ENFERMERIA'),
(279, 'FACULTAD DE CIENCIAS AGRARIAS', 2, 2, 'AULA A2 PAB.FCA'),
(280, 'FACULTAD DE MEDICINA VETERINARIA', 2, 4, 'AULA TALLER A1 - PAB FUNDO MIRAFLORES'),
(281, 'FACULTAD DE INGENIERÍA AGROINDUSTRIAL ', 2, 2, 'AULA FIAI-A1 ( PAB FIAI)'),
(282, 'DERECHO Y CIENCIAS POLÍTICAS', 2, 2, 'LAB. TALLER DE SIMULACIÓN I (PAB. B DERECHO)'),
(283, 'FACULTAD DE MEDICINA HUMANA', 2, 2, 'AULA 07 - FMH'),
(284, 'FACULTAD DE CIENCIAS DE LA SALUD', 2, 2, 'HOSPITAL D - ENFERMERIA'),
(285, 'INGENIERÍA CIVIL Y ARQUITECTURA', 2, 2, 'LAB TECNOLOGIA DEL CONCRETO (PAB. B1 - FICA)'),
(286, 'FACULTAD DE INGENIERÍA AGROINDUSTRIAL ', 2, 2, 'LAB. FIAI- ANACOMPA ( PAB FIAI)'),
(287, 'FACULTAD DE CIENCIAS DE LA SALUD ', 2, 2, 'HOSPITAL G - FCS'),
(288, 'FACULTAD DE CIENCIAS DE LA SALUD', 2, 2, 'HOSPITAL F - ENFERMERIA'),
(289, 'FACULTAD DE MEDICINA VETERINARIA', 2, 4, 'LAB CIRUGÍA A- PAB FUNDO MIRAFLORES'),
(290, 'INGENIERÍA CIVIL Y ARQUITECTURA', 2, 2, 'LAB HIDRAULICA (PAB. B1 - FICA)'),
(291, 'FACULTAD DE EDUCACIÓN Y HUMANIDADES - RIOJA', 2, 5, 'AULA 09 SECUNDARIA ( EDU - PABELLÓN A)'),
(292, 'FACULTAD DE MEDICINA VETERINARIA', 2, 4, 'LAB DE HISTOPATOLOGÍA - PAB FUNDO MIRAFLORES'),
(293, 'FACULTAD DE ECOLOGÍA', 2, 6, 'LOSA POLIDEPORTIVA (PAB 1 - FECOL)'),
(294, 'INGENIERÍA DE SISTEMAS E INFORMÁTICA', 2, 2, 'LABORATORIO DE FISICA - EDU'),
(295, 'FACULTAD DE EDUCACIÓN Y HUMANIDADES - RIOJA', 2, 5, 'AULA 09 INICIAL ( EDU - PABELLÓN A'),
(296, 'FACULTAD DE EDUCACIÓN Y HUMANIDADES - RIOJA', 2, 5, 'AULA 08 SECUNDARIA ( EDU - PABELLÓN A)'),
(297, 'FACULTAD DE EDUCACIÓN Y HUMANIDADES - RIOJA', 2, 5, 'AUDITORIO 01 INICIAL-EDU RIOJA'),
(298, 'DERECHO Y CIENCIAS POLÍTICAS', 2, 2, 'AULA A 05 (PAB. A  DERECHO)'),
(299, 'FACULTAD DE INGENIERÍA AGROINDUSTRIAL', 2, 2, 'LAB CIRUGÍA A- PAB FUNDO MIRAFLORES'),
(300, 'FACULTAD DE ECOLOGÍA', 2, 6, 'LAB. FIAI-INGENIERÍA Y DISEÑO ( PAB FIAI)'),
(301, 'FACULTAD DE CIENCIAS ECONÓMICAS', 2, 2, 'A7 -  FCE'),
(302, 'FACULTAD DE INGENIERÍA AGROINDUSTRIAL', 2, 2, 'LAB. FIAI-MICROBIOL. Y FERMENTACIÓN ( PAB FIAI)'),
(303, 'FACULTAD DE EDUCACIÓN Y HUMANIDADES', 2, 2, 'LABORATORIO DE COMPUTO ( EDU - PABELLÓN A)'),
(304, 'INGENIERÍA DE SISTEMAS E INFORMÁTICA', 2, 2, 'LABORATORIO SISTINF2 (PAB. FISI)'),
(305, 'FACULTAD DE CIENCIAS DE LA SALUD ', 2, 2, 'AULA 01-OBST  (PAB. A ENFERMERÍA)'),
(306, 'DERECHO Y CIENCIAS POLÍTICAS', 2, 2, 'AULA B 08 (PAB. B  DERECHO)'),
(307, 'FACULTAD DE CIENCIAS AGRARIAS', 2, 2, 'FUNDO AUCALOMA - FCA'),
(308, 'INGENIERÍA CIVIL Y ARQUITECTURA ', 2, 2, 'AULA FICA 05 (PAB. A - FICA)'),
(309, 'CIUDAD UNIVERSITARIA', 2, 2, 'VIDEO CONFERENCIA(CIUDAD UNIVERSITARIA)'),
(310, 'INGENIERÍA CIVIL Y ARQUITECTURA ', 2, 2, 'LAB DE GEOLOGÍA (PAB. B1 - FICA)'),
(311, 'FACULTAD DE MEDICINA VETERINARIA', 2, 4, 'MODULOS DE VACUNOS- PAB FUNDO MIRAFLORES'),
(312, 'FACULTAD DE CIENCIAS DE LA SALUD', 2, 2, 'A1 - PAB. A  - FCS'),
(313, 'INGENIERÍA DE SISTEMAS E INFORMÁTICA ', 2, 2, 'AULA02 (PAB. FISI)'),
(314, 'INGENIERÍA DE SISTEMAS E INFORMÁTICA', 2, 2, 'AULA06 (PAB. FISI)'),
(315, 'FACULTAD DE CIENCIAS ECONÓMICAS', 2, 7, 'AULA 6 - (PAB TURISMO)'),
(316, 'FACULTAD DE CIENCIAS AGRARIAS', 2, 2, 'LAB. DE BOTÁNICA Y DENDROLOGÍA-FCA'),
(317, 'FACULTAD DE EDUCACIÓN Y HUMANIDADES - RIOJA', 2, 5, 'AULA 12 INICIAL ( EDU - PABELLÓN C)'),
(318, 'FACULTAD DE EDUCACIÓN Y HUMANIDADES', 2, 2, 'AULA 5 (PAB. IDIOMAS)'),
(319, 'FACULTAD DE EDUCACIÓN Y HUMANIDADES - RIOJA', 2, 5, 'AULA 07 PRIMARIA ( EDU - PABELLÓN A)'),
(320, 'FACULTAD DE EDUCACIÓN Y HUMANIDADES', 2, 2, 'AULA 3 PAB. HUMANIDADES Y CC.SS'),
(321, 'FACULTAD DE EDUCACIÓN Y HUMANIDADES', 2, 2, 'AULA 2 PAB. HUMANIDADES Y CC.SS'),
(322, 'FACULTAD DE CIENCIAS DE LA SALUD', 2, 2, 'TURORIA'),
(323, 'FACULTAD DE EDUCACIÓN Y HUMANIDADES - RIOJA', 2, 5, 'AULA 07 INICIAL( EDU - PABELLÓN A)'),
(324, 'INGENIERÍA DE SISTEMAS E INFORMÁTICA', 2, 2, 'AULA01 (PAB. FISI)'),
(325, 'FACULTAD DE INGENIERÍA AGROINDUSTRIAL', 2, 2, 'LAB. FIAI-TEPANAL ( PAB FIAI)'),
(326, 'FACULTAD DE MEDICINA VETERINARIA', 2, 4, 'MODULOS DE PORCINOS- PAB FUNDO MIRAFLORES'),
(327, 'FACULTAD DE INGENIERÍA AGROINDUSTRIAL', 2, 2, 'FIAI 2° piso Decanatura'),
(328, 'INGENIERÍA DE SISTEMAS E INFORMÁTICA ', 2, 2, 'AULA04 (PAB. FISI)'),
(329, 'FACULTAD DE CIENCIAS DE LA SALUD', 2, 2, 'LAB. PSICOPROFILAXIS (PAB. OBSTETRICIA)'),
(330, 'FACULTAD DE CIENCIAS ECONÓMICAS', 2, 2, 'A12 -  FCE'),
(331, 'FACULTAD DE CIENCIAS DE LA SALUD', 2, 2, 'AULA 12-OBST  (PAB. B ENFERMERÍA)'),
(332, 'FACULTAD DE CIENCIAS AGRARIAS', 2, 2, 'AULA A6 PAB.FCA'),
(333, 'DERECHO Y CIENCIAS POLÍTICAS', 2, 2, 'AULA B 03 (PAB. B  DERECHO)'),
(334, 'FACULTAD DE CIENCIAS ECONÓMICAS', 2, 2, 'A8 -  FCE'),
(335, 'FACULTAD DE CIENCIAS DE LA SALUD', 2, 2, 'A4 - PAB. A  - FCS'),
(336, 'FACULTAD DE CIENCIAS DE LA SALUD', 2, 2, 'AULA 01-OBST  (PAB. A ENFERMERÍA)'),
(337, 'FACULTAD DE CIENCIAS ECONÓMICAS', 2, 7, 'AULA 2 - PAB TURISMO'),
(338, 'INGENIERÍA CIVIL Y ARQUITECTURA ', 2, 2, 'AULA FICA 15 (PAB. B1 FICA)'),
(339, 'FACULTAD DE CIENCIAS DE LA SALUD', 2, 2, 'HOSPITAL G - ENFERMERIA'),
(340, 'FACULTAD DE ECOLOGÍA', 2, 6, 'AULA 204  (PAB. 2 FECOL)'),
(341, 'FACULTAD DE INGENIERÍA AGROINDUSTRIAL ', 2, 2, 'AULA FIAI-A4 ( PAB FIAI)'),
(342, 'FACULTAD DE CIENCIAS AGRARIAS', 2, 2, 'AULA A3 PAB.FCA'),
(343, 'FACULTAD DE CIENCIAS DE LA SALUD ', 2, 2, 'C3 (VIRTUAL) - FCS'),
(344, 'INGENIERÍA CIVIL Y ARQUITECTURA ', 2, 2, 'AULA FICA 14 (PAB. B1 - FICA)'),
(345, 'FACULTAD DE ECOLOGÍA', 2, 6, 'AULA POSGRADO 2  (PAB. 1 FECOL)'),
(346, 'INGENIERÍA CIVIL Y ARQUITECTURA', 2, 2, 'AULA FICA 13 (PAB. B1 - FICA)'),
(347, 'FACULTAD DE CIENCIAS DE LA SALUD ', 2, 2, 'HOSPITAL E - FCS'),
(348, 'DERECHO Y CIENCIAS POLÍTICAS ', 2, 2, 'LAB. CONSULTORÍA JURÍDICA (PAB. A DERECHO)'),
(349, 'FACULTAD DE EDUCACIÓN Y HUMANIDADES - RIOJA', 2, 5, 'AULA 01 PRIMARIA ( EDU - PABELLÓN A)'),
(350, 'FACULTAD DE MEDICINA HUMANA', 2, 2, 'AULA 02 - FMH'),
(351, 'FACULTAD DE EDUCACIÓN Y HUMANIDADES - RIOJA', 2, 5, 'AULA 03 SECUNDARIA ( EDU - PABELLÓN B)'),
(352, 'FACULTAD DE MEDICINA HUMANA', 2, 2, 'HOSPITAL E - FMH'),
(353, 'FACULTAD DE MEDICINA VETERINARIA', 2, 4, 'AULA 03 - PAB FUNDO MIRAFLORES'),
(354, 'FACULTAD DE CIENCIAS ECONÓMICAS', 2, 2, 'A1 -  FCE'),
(355, 'FACULTAD DE EDUCACIÓN Y HUMANIDADES - RIOJA', 2, 5, 'AULA 11 SECUNDARIA ( EDU - PABELLÓN C)'),
(356, 'FACULTAD DE EDUCACIÓN Y HUMANIDADES - RIOJA', 2, 5, 'AULA 05 INICIAL( EDU - PABELLÓN B)'),
(357, 'FACULTAD DE EDUCACIÓN Y HUMANIDADES', 2, 2, 'PEDAGÓGICO VIRTUAL (PAB DAIAI)'),
(358, 'FACULTAD DE CIENCIAS ECONÓMICAS', 2, 7, 'AULA 3 - (PAB TURISMO)'),
(359, 'INGENIERÍA DE SISTEMAS E INFORMÁTICA', 2, 2, 'AULA07 (PAB. FISI)'),
(360, 'FACULTAD DE ECOLOGÍA', 2, 6, 'AULA 107  (PAB. 2 FECOL)'),
(361, 'FACULTAD DE INGENIERÍA AGROINDUSTRIAL ', 2, 2, 'FIAI 1° piso Decanatura'),
(362, 'INGENIERÍA DE SISTEMAS E INFORMÁTICA ', 2, 2, 'AULA05 (PAB. FISI)'),
(363, 'FACULTAD DE CIENCIAS DE LA SALUD', 2, 4, 'B5 - PAB. B  - FCS'),
(364, 'FACULTAD DE EDUCACIÓN Y HUMANIDADES - RIOJA', 2, 5, 'AULA 04 PRIMARIA ( EDU - PABELLÓN B)'),
(365, 'INGENIERÍA CIVIL Y ARQUITECTURA', 2, 2, 'AULA FICA 15 (PAB. B1 - FICA)'),
(366, 'FACULTAD DE ECOLOGÍA', 2, 6, 'AULA 106  (PAB. 2 FECOL)'),
(367, 'DERECHO Y CIENCIAS POLÍTICAS ', 2, 2, 'AULA PER. HABILIDADES DIFER. (PAB. B DERECHO)'),
(368, 'FACULTAD DE EDUCACIÓN Y HUMANIDADES - RIOJA', 2, 5, 'AULA 07 SECUNDARIA ( EDU - PABELLÓN A)'),
(369, 'FACULTAD DE EDUCACIÓN Y HUMANIDADES', 2, 2, 'AULA 1 PAB. HUMANIDADES Y CC.SS'),
(370, 'FACULTAD DE EDUCACIÓN Y HUMANIDADES - RIOJA', 2, 5, 'AULA 11 INICIAL( EDU - PABELLÓN A)'),
(371, 'FACULTAD DE MEDICINA VETERINARIA', 2, 4, 'MODULOS DE OVINOS- PAB FUNDO MIRAFLORES'),
(372, 'FACULTAD DE MEDICINA HUMANA', 2, 2, 'HOSPITAL F - FMH'),
(373, 'DERECHO Y CIENCIAS POLÍTICAS', 2, 2, 'AULA B 01 (PAB. B  DERECHO)'),
(374, 'FACULTAD DE MEDICINA VETERINARIA', 2, 4, 'MODULOS DE CUYES Y CONEJOS - PAB FUNDO MIRAFLORES'),
(375, 'FACULTAD DE CIENCIAS DE LA SALUD', 2, 2, 'HOSPITAL D - FCS'),
(376, 'FACULTAD DE CIENCIAS DE LA SALUD ', 2, 2, 'LAB. NUTRICIÓN - FCS'),
(377, 'FACULTAD DE EDUCACIÓN Y HUMANIDADES - RIOJA', 2, 5, 'AULA 02 INICIAL ( EDU - PABELLÓN B)'),
(378, 'INGENIERÍA CIVIL Y ARQUITECTURA ', 2, 2, 'AULA FICA 04 (PAB. A - FICA)'),
(379, 'FACULTAD DE INGENIERÍA AGROINDUSTRIAL ', 2, 2, 'AULA FIAI-A5 ( PAB FIAI)'),
(380, 'FACULTAD DE CIENCIAS DE LA SALUD', 2, 2, 'HOSPITAL F - FCS'),
(381, 'INGENIERÍA CIVIL Y ARQUITECTURA ', 2, 2, 'AULA FICA 12 (PAB. B1 - FICA)'),
(382, 'FACULTAD DE CIENCIAS AGRARIAS', 2, 2, 'LAB. DE ANÁLISIS DE CALIDAD DE DERIVADOS APÍCOLAS-FCA'),
(383, 'FACULTAD DE CIENCIAS DE LA SALUD', 2, 2, 'COMUNIDAD 2 - FCS'),
(384, 'INGENIERÍA DE SISTEMAS E INFORMÁTICA', 2, 2, 'LABORATORIO SISTINF1 (PAB. FISI)'),
(385, 'FACULTAD DE MEDICINA HUMANA', 2, 2, 'HOSPITAL F - FMH'),
(386, 'FACULTAD DE CIENCIAS ECONÓMICAS', 2, 7, 'AULA 9 - (PAB TURISMO)'),
(387, 'FACULTAD DE INGENIERÍA AGROINDUSTRIAL', 2, 2, 'AULA FIAI-A2 ( PAB FIAI)'),
(388, 'FACULTAD DE CIENCIAS DE LA SALUD', 2, 2, 'A3 - PAB. A  - FCS'),
(389, 'FACULTAD DE CIENCIAS DE LA SALUD', 2, 2, 'C1 (3ER PISO) - FCS'),
(390, 'FACULTAD DE CIENCIAS DE LA SALUD', 2, 2, 'B4 - PAB. B  - FCS'),
(391, 'FACULTAD DE EDUCACIÓN Y HUMANIDADES - RIOJA', 2, 5, 'AULA 13 SECUNDARIA ( EDU - PABELLÓN C)'),
(392, 'FACULTAD DE CIENCIAS AGRARIAS', 2, 2, 'LABORATORIO DE BIOLOGÍA-FCA'),
(393, 'INGENIERÍA CIVIL Y ARQUITECTURA ', 2, 2, 'AULA FICA 02 (PAB. A - FICA)'),
(394, 'FACULTAD DE CIENCIAS DE LA SALUD ', 2, 2, 'LAB. ADULTO-ENF(PAB. ENFERMERÍA)'),
(395, 'FACULTAD DE CIENCIAS ECONÓMICAS', 2, 2, 'A6 -  FCE'),
(396, 'FACULTAD DE CIENCIAS DE LA SALUD', 2, 2, 'AULA 10-OBST  (PAB. B ENFERMERÍA)'),
(397, 'FACULTAD DE EDUCACIÓN Y HUMANIDADES - RIOJA', 2, 5, 'AULA 03 INICIAL ( EDU - PABELLÓN B)'),
(398, 'FACULTAD DE CIENCIAS AGRARIAS', 2, 2, 'SALA DE COMPUTO (FCA)'),
(399, 'FACULTAD DE CIENCIAS DE LA SALUD', 2, 2, 'A2 - PAB. A  - FCS'),
(400, 'DERECHO Y CIENCIAS POLÍTICAS', 2, 2, 'LAB. TALLER DE SIMULACIÓN II (PAB. B DERECHO)'),
(401, 'FACULTAD DE CIENCIAS DE LA SALUD', 2, 2, 'HOSPITAL A - FCS'),
(402, 'FACULTAD DE CIENCIAS ECONÓMICAS', 2, 2, 'A9 -  FCE'),
(403, 'FACULTAD DE CIENCIAS ECONÓMICAS', 2, 7, 'AULA 10 - (PAB. TURISMO)'),
(404, 'FACULTAD DE CIENCIAS DE LA SALUD ', 2, 2, 'AULA 06-OBST  (PAB. A ENFERMERÍA)'),
(405, 'FACULTAD DE EDUCACIÓN Y HUMANIDADES - RIOJA', 2, 5, 'AULA 11 PRIMARIA ( EDU - PABELLÓN A)'),
(406, 'FACULTAD DE INGENIERÍA AGROINDUSTRIAL ', 2, 2, 'LAB. FIAI-CONTROL DE CALIDAD ( PAB FIAI)'),
(407, 'FACULTAD DE EDUCACIÓN Y HUMANIDADES - RIOJA', 2, 5, 'AULA 05 SECUNDARIA ( EDU - PABELLÓN B)'),
(408, 'FACULTAD DE CIENCIAS DE LA SALUD ', 2, 2, 'B2 - PAB. B  - FCS (OF. ADMINISTRATIVA)'),
(409, 'FACULTAD DE EDUCACIÓN Y HUMANIDADES - RIOJA', 2, 5, 'AULA 12 SECUNDARIA ( EDU - PABELLÓN C)'),
(410, 'FACULTAD DE MEDICINA HUMANA', 2, 2, 'ANFITEATRO ANATONMIA HUMANA'),
(411, 'INGENIERÍA DE SISTEMAS E INFORMÁTICA', 2, 2, 'AULA MAGNA03 (PAB. FISI)'),
(412, 'FACULTAD DE EDUCACIÓN Y HUMANIDADES - RIOJA', 2, 5, 'AULA 10 PRIMARIA ( EDU - PABELLÓN A)'),
(413, 'FACULTAD DE CIENCIAS AGRARIAS', 2, 2, 'LAB. DE GENÉTICA-FCA'),
(414, 'FACULTAD DE MEDICINA HUMANA', 2, 2, 'LAB.  DE ANATOMÍA HUMANA - MED HUM'),
(415, 'FACULTAD DE MEDICINA HUMANA', 2, 2, 'LAB. QUÍMICA - MED HUM'),
(416, 'FACULTAD DE CIENCIAS DE LA SALUD', 2, 2, 'HOSPITAL C - ENFERMERIA'),
(417, 'DERECHO Y CIENCIAS POLÍTICAS ', 2, 2, 'AULA A 04 (PAB. A  DERECHO)'),
(418, 'FACULTAD DE INGENIERÍA AGROINDUSTRIAL', 2, 2, 'PLANTA PILOTO 2 ( PAB FIAI)'),
(419, 'FACULTAD DE INGENIERÍA AGROINDUSTRIAL', 2, 2, 'LAB. FIAI-ANÁLISIS SENSORIAL ( PAB FIAI)'),
(420, 'FACULTAD DE EDUCACIÓN Y HUMANIDADES - RIOJA', 2, 5, 'AULA 06 SECUNDARIA ( EDU - PABELLÓN B)'),
(421, 'FACULTAD DE CIENCIAS ECONÓMICAS', 2, 2, 'A3 -  FCE'),
(422, 'FACULTAD DE EDUCACIÓN Y HUMANIDADES', 2, 2, 'AULA 1 (PAB. IDIOMAS)'),
(423, 'FACULTAD DE CIENCIAS DE LA SALUD ', 2, 2, 'A5 - PAB. A  - FCS'),
(424, 'DERECHO Y CIENCIAS POLÍTICAS', 2, 2, 'AULA A 10 (PAB. A  DERECHO)'),
(425, 'DERECHO Y CIENCIAS POLÍTICAS ', 2, 2, 'AULA B 02 (PAB. B  DERECHO)'),
(426, 'FACULTAD DE INGENIERÍA AGROINDUSTRIAL ', 2, 2, 'AULA FIAI-A3 ( PAB FIAI)'),
(427, 'FACULTAD DE ECOLOGÍA', 2, 6, 'LAB. DE IOLOGIA Y QUIMICA 2 (PAB 1 FECOL)'),
(428, 'FACULTAD DE EDUCACIÓN Y HUMANIDADES - RIOJA', 2, 5, 'AULA 06 INICIAL ( EDU - PABELLÓN B)'),
(429, 'FACULTAD DE CIENCIAS ECONÓMICAS', 2, 2, 'A4 -  FCE'),
(430, 'FACULTAD DE INGENIERÍA AGROINDUSTRIAL ', 2, 2, 'AULA FIAI-A6 ( PAB FIAI)'),
(431, 'FACULTAD DE EDUCACIÓN Y HUMANIDADES - RIOJA', 2, 5, 'AULA 13 PRIMARIA ( EDU - PABELLÓN C)'),
(432, 'FACULTAD DE CIENCIAS ECONÓMICAS', 2, 2, 'A10 -  FCE'),
(433, 'FACULTAD DE CIENCIAS ECONÓMICAS', 2, 7, 'AULA 5 - (PAB TURISMO)'),
(434, 'FACULTAD DE CIENCIAS DE LA SALUD', 2, 2, 'HOSPITAL C - FCS'),
(435, 'FACULTAD DE CIENCIAS AGRARIAS', 2, 2, 'FUNDO AUCALOMA - FCA'),
(436, 'FACULTAD DE CIENCIAS DE LA SALUD', 2, 2, 'HOSPITAL E - ENFERMERIA'),
(437, 'FACULTAD DE MEDICINA HUMANA', 2, 2, 'LAB. HISTOLOGÍA - MED HUM'),
(438, 'INGENIERÍA DE SISTEMAS E INFORMÁTICA ', 2, 2, 'AULA08 (PAB. FISI)'),
(439, 'FACULTAD DE MEDICINA VETERINARIA', 2, 4, 'AULA 01 - PAB FUNDO MIRAFLORES'),
(440, 'FACULTAD DE CIENCIAS DE LA SALUD ', 2, 2, 'AULA 11-OBST  (PAB. B ENFERMERÍA)'),
(441, 'FACULTAD DE EDUCACIÓN Y HUMANIDADES - RIOJA', 2, 5, 'AUDITORIO 01 SECUNDARIA-EDU RIOJA'),
(442, 'FACULTAD DE CIENCIAS ECONÓMICAS', 2, 2, 'LAB. 1 COMPUTO E INFORMÁTICA -  FCE'),
(443, 'FACULTAD DE CIENCIAS ECONÓMICAS', 2, 2, 'A2 -  FCE'),
(444, 'FACULTAD DE CIENCIAS AGRARIAS', 2, 2, 'PRACTICA EN CAMPO 2 - FCA'),
(445, 'FACULTAD DE EDUCACIÓN Y HUMANIDADES - RIOJA', 2, 5, 'AULA 04 INICIAL ( EDU - PABELLÓN B)'),
(446, 'DERECHO Y CIENCIAS POLÍTICAS ', 2, 2, 'AULA B 02 (PAB. B DERECHO)'),
(447, 'INGENIERÍA CIVIL Y ARQUITECTURA', 2, 2, 'AULA FICA 18 (PAB. C - FICA)'),
(448, 'FACULTAD DE CIENCIAS DE LA SALUD', 2, 2, 'LAB. INVESTIGACION (PAB. OBSTETRICIA)'),
(449, 'FACULTAD DE ECOLOGÍA', 2, 6, 'LAB. DE INGENIERÍA SANITARIA (PAB 2 FECOL)'),
(450, 'FACULTAD DE CIENCIAS AGRARIAS', 2, 2, 'MÓDULO FRUTALES'),
(451, 'FACULTAD DE EDUCACIÓN Y HUMANIDADES - RIOJA', 2, 5, 'AULA 10 INICIAL( EDU - PABELLÓN A)'),
(452, 'FACULTAD DE EDUCACIÓN Y HUMANIDADES - RIOJA', 2, 5, 'AULA 09 PRIMARIA ( EDU - PABELLÓN A)'),
(453, 'FACULTAD DE CIENCIAS DE LA SALUD', 2, 2, 'LAB. LABORATORIO NIÑO-ENF (PAB. ENFERMERÍA)'),
(454, 'FACULTAD DE EDUCACIÓN Y HUMANIDADES - RIOJA', 2, 5, 'AUDITORIO 01 SECUNDARIA-EDU RIOJA'),
(455, 'FACULTAD DE CIENCIAS ECONÓMICAS', 2, 7, 'AULA 8 - (PAB TURISMO)'),
(456, 'FACULTAD DE MEDICINA VETERINARIA', 2, 4, 'MODULOS DE CUYES Y CONEJOS - PAB FUNDO MIRAFLORES'),
(457, 'FACULTAD DE EDUCACIÓN Y HUMANIDADES - RIOJA', 2, 5, 'AULA 06 PRIMARIA ( EDU - PABELLÓN B)'),
(458, 'FACULTAD DE CIENCIAS DE LA SALUD', 2, 2, 'A6 - PAB. A  - FCS'),
(459, 'FACULTAD DE CIENCIAS AGRARIAS', 2, 2, 'PRACTICA EN CAMPO 5- FCA'),
(460, 'FACULTAD DE CIENCIAS DE LA SALUD ', 2, 2, 'SALA DE INVESTIGACIÓN'),
(461, 'FACULTAD DE CIENCIAS DE LA SALUD', 2, 2, 'SALA DE DBRIFFING'),
(462, 'FACULTAD DE EDUCACIÓN Y HUMANIDADES', 2, 2, 'AULA 4 (PAB. IDIOMAS)'),
(463, 'FACULTAD DE EDUCACIÓN Y HUMANIDADES', 2, 2, 'LABORATORIO DE IDIOMAS'),
(464, 'FACULTAD DE CIENCIAS ECONÓMICAS', 2, 2, 'A5 -  FCE'),
(465, 'FACULTAD DE EDUCACIÓN Y HUMANIDADES - RIOJA', 2, 5, 'AUDITORIO 01 PRIMARIA-EDU RIOJA'),
(466, 'FACULTAD DE CIENCIAS AGRARIAS', 2, 2, 'AULA A1 PAB.FCA'),
(467, 'FACULTAD DE CIENCIAS AGRARIAS', 2, 2, 'PRACTICA EN CAMPO 1 - FCA'),
(468, 'DERECHO Y CIENCIAS POLÍTICAS', 2, 2, 'AULA B 09 (PAB. B  DERECHO)'),
(469, 'FACULTAD DE CIENCIAS DE LA SALUD ', 2, 2, 'AULA 08-OBST  (PAB. B ENFERMERÍA)');

-- --------------------------------------------------------

--
-- Estructura de tabla para la tabla `usuario`
--

CREATE TABLE `usuario` (
  `id_usuario` int(11) NOT NULL,
  `nombre` varchar(30) DEFAULT NULL,
  `apellido` varchar(30) DEFAULT NULL,
  `edad` int(11) DEFAULT NULL,
  `contacto` varchar(30) DEFAULT NULL,
  `id_perfil` int(11) DEFAULT NULL,
  `usuario` varchar(50) NOT NULL,
  `contrasena` varchar(255) DEFAULT NULL
) ENGINE=InnoDB DEFAULT CHARSET=utf8mb4 COLLATE=utf8mb4_general_ci;

--
-- Volcado de datos para la tabla `usuario`
--

INSERT INTO `usuario` (`id_usuario`, `nombre`, `apellido`, `edad`, `contacto`, `id_perfil`, `usuario`, `contrasena`) VALUES
(1, 'Dylan', 'Zarate', 25, 'dylan@unsm.edu.pe', 1, 'dylan', '$2y$10$HEZu2shdjJuCh7i25rtNIOgEWC5rDF7wYRB1JBWAbM4FcfA3qgXY6'),
(2, 'jose', 'palacios', 34, 'pala@unsm.edu.pe', 1, 'pala', '$2y$10$uBN3jH/46Q2N9ZYYckkOeOVErD0bJyU9/H/iDuNqfGcn.2qDma6F6'),
(3, 'Jean Marco', 'Cieza', 19, 'cieza@unsm.edu.pe', 1, 'cubas', '$2y$10$P1pt0y1us82K36Vs4exEi.RPqaxbuANlTPmEhQJuxYUgbVcqhMqwO'),
(4, 'juan', 'perez', 23, 'juan@unsm.edu.pe', 1, 'juan123', '$2y$10$c3Eqbls./O.hmKghHUieB.RS8Amd4Ju/iSdbf8nr8RvoVhArQl3Sy');

--
-- Índices para tablas volcadas
--

--
-- Indices de la tabla `computadoradeescritorio`
--
ALTER TABLE `computadoradeescritorio`
  ADD PRIMARY KEY (`id_computadoraDeEscritorio`),
  ADD UNIQUE KEY `codigoPatrimonial` (`codigoPatrimonial`),
  ADD UNIQUE KEY `numSerie` (`numSerie`);

--
-- Indices de la tabla `equipo`
--
ALTER TABLE `equipo`
  ADD PRIMARY KEY (`id_equipo`),
  ADD KEY `fk_tipoEquipo` (`id_tipoEquipo`),
  ADD KEY `fk_estadoEquipo` (`id_estadoEquipo`),
  ADD KEY `fk_modeloEquipo` (`id_modeloEquipo`),
  ADD KEY `fk_unidadOrganicaEquipo` (`id_unidadOrganicaEquipo`);

--
-- Indices de la tabla `estadoequipo`
--
ALTER TABLE `estadoequipo`
  ADD PRIMARY KEY (`id_estado`);

--
-- Indices de la tabla `historial_movimientos`
--
ALTER TABLE `historial_movimientos`
  ADD PRIMARY KEY (`id_historial`),
  ADD KEY `fk_equipo` (`id_equipo`),
  ADD KEY `fk_origen` (`id_unidadOrigen`),
  ADD KEY `fk_destino` (`id_unidadDestino`),
  ADD KEY `fk_usuario` (`id_usuario`);

--
-- Indices de la tabla `marca`
--
ALTER TABLE `marca`
  ADD PRIMARY KEY (`id_marca`);

--
-- Indices de la tabla `modelo`
--
ALTER TABLE `modelo`
  ADD PRIMARY KEY (`id_modelo`),
  ADD KEY `fk_marca` (`id_marca`);

--
-- Indices de la tabla `modulo`
--
ALTER TABLE `modulo`
  ADD PRIMARY KEY (`id_modulo`);

--
-- Indices de la tabla `perfil`
--
ALTER TABLE `perfil`
  ADD PRIMARY KEY (`id_perfil`);

--
-- Indices de la tabla `perfil_permiso`
--
ALTER TABLE `perfil_permiso`
  ADD PRIMARY KEY (`id_perfil`,`id_permiso`),
  ADD KEY `fk_id_permiso` (`id_permiso`);

--
-- Indices de la tabla `permiso`
--
ALTER TABLE `permiso`
  ADD PRIMARY KEY (`id_permiso`),
  ADD KEY `fk_modulo` (`id_modulo`);

--
-- Indices de la tabla `sede`
--
ALTER TABLE `sede`
  ADD PRIMARY KEY (`id_sede`);

--
-- Indices de la tabla `tipo_equipo`
--
ALTER TABLE `tipo_equipo`
  ADD PRIMARY KEY (`id_tipo`);

--
-- Indices de la tabla `tipo_unidadorganica`
--
ALTER TABLE `tipo_unidadorganica`
  ADD PRIMARY KEY (`id_tipo`);

--
-- Indices de la tabla `unidad_organica`
--
ALTER TABLE `unidad_organica`
  ADD PRIMARY KEY (`id_unidadOrganica`),
  ADD KEY `fk_unidad_tipo` (`id_tipoUnidadOrganica`),
  ADD KEY `fk_unidad_sede` (`id_sede`);

--
-- Indices de la tabla `usuario`
--
ALTER TABLE `usuario`
  ADD PRIMARY KEY (`id_usuario`),
  ADD UNIQUE KEY `usuario` (`usuario`),
  ADD KEY `fk_idPerfil` (`id_perfil`);

--
-- AUTO_INCREMENT de las tablas volcadas
--

--
-- AUTO_INCREMENT de la tabla `equipo`
--
ALTER TABLE `equipo`
  MODIFY `id_equipo` int(11) NOT NULL AUTO_INCREMENT, AUTO_INCREMENT=4;

--
-- AUTO_INCREMENT de la tabla `historial_movimientos`
--
ALTER TABLE `historial_movimientos`
  MODIFY `id_historial` int(11) NOT NULL AUTO_INCREMENT;

--
-- AUTO_INCREMENT de la tabla `modelo`
--
ALTER TABLE `modelo`
  MODIFY `id_modelo` int(11) NOT NULL AUTO_INCREMENT, AUTO_INCREMENT=2;

--
-- AUTO_INCREMENT de la tabla `modulo`
--
ALTER TABLE `modulo`
  MODIFY `id_modulo` int(11) NOT NULL AUTO_INCREMENT;

--
-- AUTO_INCREMENT de la tabla `perfil`
--
ALTER TABLE `perfil`
  MODIFY `id_perfil` int(11) NOT NULL AUTO_INCREMENT, AUTO_INCREMENT=2;

--
-- AUTO_INCREMENT de la tabla `tipo_unidadorganica`
--
ALTER TABLE `tipo_unidadorganica`
  MODIFY `id_tipo` int(11) NOT NULL AUTO_INCREMENT, AUTO_INCREMENT=3;

--
-- AUTO_INCREMENT de la tabla `unidad_organica`
--
ALTER TABLE `unidad_organica`
  MODIFY `id_unidadOrganica` int(11) NOT NULL AUTO_INCREMENT, AUTO_INCREMENT=471;

--
-- AUTO_INCREMENT de la tabla `usuario`
--
ALTER TABLE `usuario`
  MODIFY `id_usuario` int(11) NOT NULL AUTO_INCREMENT, AUTO_INCREMENT=5;

--
-- Restricciones para tablas volcadas
--

--
-- Filtros para la tabla `computadoradeescritorio`
--
ALTER TABLE `computadoradeescritorio`
  ADD CONSTRAINT `computadoradeescritorio_ibfk_1` FOREIGN KEY (`id_computadoraDeEscritorio`) REFERENCES `equipo` (`id_equipo`);

--
-- Filtros para la tabla `equipo`
--
ALTER TABLE `equipo`
  ADD CONSTRAINT `fk_estadoEquipo` FOREIGN KEY (`id_estadoEquipo`) REFERENCES `estadoequipo` (`id_estado`),
  ADD CONSTRAINT `fk_modeloEquipo` FOREIGN KEY (`id_modeloEquipo`) REFERENCES `modelo` (`id_modelo`),
  ADD CONSTRAINT `fk_tipoEquipo` FOREIGN KEY (`id_tipoEquipo`) REFERENCES `tipo_equipo` (`id_tipo`),
  ADD CONSTRAINT `fk_unidadOrganicaEquipo` FOREIGN KEY (`id_unidadOrganicaEquipo`) REFERENCES `unidad_organica` (`id_unidadOrganica`);

--
-- Filtros para la tabla `historial_movimientos`
--
ALTER TABLE `historial_movimientos`
  ADD CONSTRAINT `fk_destino` FOREIGN KEY (`id_unidadDestino`) REFERENCES `unidad_organica` (`id_unidadOrganica`),
  ADD CONSTRAINT `fk_equipo` FOREIGN KEY (`id_equipo`) REFERENCES `equipo` (`id_equipo`),
  ADD CONSTRAINT `fk_origen` FOREIGN KEY (`id_unidadOrigen`) REFERENCES `unidad_organica` (`id_unidadOrganica`),
  ADD CONSTRAINT `fk_usuario` FOREIGN KEY (`id_usuario`) REFERENCES `usuario` (`id_usuario`);

--
-- Filtros para la tabla `modelo`
--
ALTER TABLE `modelo`
  ADD CONSTRAINT `fk_marca` FOREIGN KEY (`id_marca`) REFERENCES `marca` (`id_marca`);

--
-- Filtros para la tabla `perfil_permiso`
--
ALTER TABLE `perfil_permiso`
  ADD CONSTRAINT `fk_id_permiso` FOREIGN KEY (`id_permiso`) REFERENCES `permiso` (`id_permiso`),
  ADD CONSTRAINT `perfil_permiso_ibfk_1` FOREIGN KEY (`id_perfil`) REFERENCES `perfil` (`id_perfil`);

--
-- Filtros para la tabla `permiso`
--
ALTER TABLE `permiso`
  ADD CONSTRAINT `fk_modulo` FOREIGN KEY (`id_modulo`) REFERENCES `modulo` (`id_modulo`);

--
-- Filtros para la tabla `unidad_organica`
--
ALTER TABLE `unidad_organica`
  ADD CONSTRAINT `unidad_organica_ibfk_1` FOREIGN KEY (`id_tipoUnidadOrganica`) REFERENCES `tipo_unidadorganica` (`id_tipo`),
  ADD CONSTRAINT `unidad_organica_ibfk_2` FOREIGN KEY (`id_sede`) REFERENCES `sede` (`id_sede`);

--
-- Filtros para la tabla `usuario`
--
ALTER TABLE `usuario`
  ADD CONSTRAINT `fk_idPerfil` FOREIGN KEY (`id_perfil`) REFERENCES `perfil` (`id_perfil`);
COMMIT;

/*!40101 SET CHARACTER_SET_CLIENT=@OLD_CHARACTER_SET_CLIENT */;
/*!40101 SET CHARACTER_SET_RESULTS=@OLD_CHARACTER_SET_RESULTS */;
/*!40101 SET COLLATION_CONNECTION=@OLD_COLLATION_CONNECTION */;
